Wellbore name,Year,Month,On Stream,Oil(m3),Gas(m3),Water(m3),Oil Rate,Water Cut,GOR
15/9-F-1 C,2014,4,228,11142,1597937,0,48.97789011,0,143.4095537
15/9-F-1 C,2014,5,734,24902,3496230,783,33.93406737,0.030502896,140.3998341
15/9-F-1 C,2014,6,706,19618,2886662,2068,27.790476,0.095382141,147.145326
15/9-F-1 C,2014,7,742,15086,2249366,6244,20.31969487,0.292736968,149.1060231
15/9-F-1 C,2014,8,433,6970,1048191,4530,16.09830083,0.393885139,150.3767773
15/9-F-1 C,2014,9,630,9168,1414100,8318,14.54613676,0.47567085,154.2357841
15/9-F-1 C,2014,10,745,9468,1462064,10365,12.70880537,0.522609115,154.4206511
15/9-F-1 C,2014,11,580,6710,1044188,7234,11.57402441,0.518785448,155.6090833
15/9-F-1 C,2014,12,28,120,25857,183,4.374181818,0.603957462,214.9561892
15/9-F-1 C,2015,1,480,10876,1604935,6851,22.66128826,0.386475937,147.573001
15/9-F-1 C,2015,2,437,9587,1439454,10745,21.9164944,0.528486403,150.1520522
15/9-F-1 C,2015,3,320,5879,856681,11607,18.36060917,0.663788282,145.7134535
15/9-F-1 C,2015,4,263,3924,566710,9815,14.93029822,0.71438366,144.4148357
15/9-F-1 C,2015,5,181,3833,559060,6167,21.16533863,0.616737132,145.866308
15/9-F-1 C,2015,6,466,6345,925337,14549,13.60167629,0.696336462,145.8487635
15/9-F-1 C,2015,7,242,2094,315179,8454,8.66462057,0.801487646,150.5188567
15/9-F-1 C,2015,8,148,2871,427693,5334,19.42612869,0.650091102,148.9688647
15/9-F-1 C,2015,9,384,6460,961548,14767,16.80319341,0.69566348,148.8402838
15/9-F-1 C,2015,10,368,4086,631373,13539,11.10875899,0.768175115,154.5285036
15/9-F-1 C,2015,11,301,3332,508384,11682,11.06044105,0.778075789,152.57407
15/9-F-1 C,2015,12,198,2949,454911,6232,14.92180977,0.678746363,154.237545
15/9-F-1 C,2016,1,388,2981,471676,14036,7.690400109,0.824803793,158.2040759
15/9-F-1 C,2016,2,484,4718,742340,15946,9.738271278,0.771676113,157.3410449
15/9-F-1 C,2016,3,357,2918,476830,13411,8.177804846,0.821323474,163.43794
15/9-F-1 C,2016,4,141,1672,274213,4441,11.87069142,0.7265272,164.033505
15/9-F-11,2013,7,113,3923,590505,0,34.74361366,0,150.5206419
15/9-F-11,2013,8,587,25496,3871942,520,43.45550639,0.019988023,151.8642799
15/9-F-11,2013,9,539,23775,3661574,1574,44.11643084,0.062078553,154.0089034
15/9-F-11,2013,10,678,34115,5272724,1927,50.27929923,0.0534538,154.5596239
15/9-F-11,2013,11,712,35386,5413486,3791,49.69992978,0.096770167,152.9823262
15/9-F-11,2013,12,662,33406,5190659,4963,50.45550534,0.129355957,155.3821968
15/9-F-11,2014,1,668,34552,5193353,4343,51.71865312,0.111669725,150.3038205
15/9-F-11,2014,2,563,28190,4255283,2841,50.10065818,0.091564528,150.950238
15/9-F-11,2014,3,655,33291,5039850,3692,50.78686576,0.099835573,151.3887099
15/9-F-11,2014,4,692,35429,5301959,4124,51.23335751,0.104276066,149.6513931
15/9-F-11,2014,5,732,34832,4902619,5017,47.61706083,0.125910962,140.7509236
15/9-F-11,2014,6,709,33899,4990685,6084,47.78943631,0.152157346,147.2237388
15/9-F-11,2014,7,743,33760,5035917,6801,45.45825384,0.167668939,149.1667081
15/9-F-11,2014,8,599,26038,4033770,6077,43.45988091,0.18921681,154.9213336
15/9-F-11,2014,9,691,33222,5220329,8349,48.10082988,0.200839822,157.136393
15/9-F-11,2014,10,745,33852,5237208,10288,45.43855034,0.233076316,154.710257
15/9-F-11,2014,11,692,26612,4153116,9404,38.43416345,0.261101183,156.0647198
15/9-F-11,2014,12,734,8548,1413112,3079,11.64791781,0.264819639,165.3164325
15/9-F-11,2015,1,708,29562,4358979,13861,41.73430608,0.319203913,147.4530966
15/9-F-11,2015,2,632,25347,3836074,14061,40.09578676,0.356803896,151.3410027
15/9-F-11,2015,3,744,44316,6516700,19387,59.57811812,0.304336544,147.0501072
15/9-F-11,2015,4,720,54556,7956467,23840,75.77188889,0.304095593,145.8410164
15/9-F-11,2015,5,744,55029,8027510,24426,73.96400538,0.307414346,145.8772347
15/9-F-11,2015,6,719,48231,7065852,22892,67.09791524,0.321860862,146.4999055
15/9-F-11,2015,7,744,43785,6508853,36196,58.85034946,0.452558927,148.6560199
15/9-F-11,2015,8,632,31498,4769902,31870,49.83751935,0.502937496,151.4343598
15/9-F-11,2015,9,719,31425,4748110,37412,43.72271504,0.54348903,151.0953639
15/9-F-11,2015,10,627,29725,4501570,38023,47.41612432,0.561240633,151.4416598
15/9-F-11,2015,11,671,36410,5558573,57059,54.23772568,0.610455955,152.6651534
15/9-F-11,2015,12,740,35934,5504665,62976,48.54838978,0.636701702,153.1886453
15/9-F-11,2016,1,736,31603,4949941,67981,42.91006168,0.682646957,156.6275372
15/9-F-11,2016,2,696,25955,4093287,66610,37.31338702,0.719607269,157.7096658
15/9-F-11,2016,3,743,25024,4032038,76637,33.67921938,0.753851,161.1290315
15/9-F-11,2016,4,579,13429,2194427,57932,23.19009983,0.811815081,163.4095651
15/9-F-11,2016,5,744,15529,2450714,73445,20.87197581,0.825468637,157.8178392
15/9-F-11,2016,6,718,14591,2349131,71699,20.30939789,0.830911847,161.0029478
15/9-F-11,2016,7,740,14385,2309447,77085,19.4390005,0.842735947,160.5468707
15/9-F-11,2016,8,744,14584,2341372,87762,19.61057365,0.857505507,160.5468251
15/9-F-11,2016,9,392,8609,1458816,46779,21.94678969,0.844567571,169.4489313
15/9-F-12,2008,2,407,49091,7068009,413,120.728094,0.008334938,143.9775244
15/9-F-12,2008,3,655,83361,12191171,27,127.2480518,0.000328822,146.2450413
15/9-F-12,2008,4,614,74532,11506441,482,121.4582509,0.006426091,154.3816249
15/9-F-12,2008,5,716,125479,19091872,16280,175.2024846,0.114843902,152.1524595
15/9-F-12,2008,6,676,143787,21512334,474,212.7286574,0.003288271,149.6126658
15/9-F-12,2008,7,711,114995,17116442,290,161.7952318,0.002515687,148.8456005
15/9-F-12,2008,8,673,97822,14143008,354,145.3888418,0.003607579,144.5783334
15/9-F-12,2008,9,568,77667,11185944,188,136.7436091,0.002419744,144.0245099
15/9-F-12,2008,10,738,94357,13430834,624,127.942005,0.006570242,142.3402738
15/9-F-12,2008,11,713,145916,20837122,2390,204.7458737,0.016117434,142.8026062
15/9-F-12,2008,12,744,166440,24106362,1003,223.7092339,0.00599195,144.8354334
15/9-F-12,2009,1,741,153677,22255224,390,207.43824,0.00252981,144.8180329
15/9-F-12,2009,2,656,121905,17427052,0,185.7435028,0,142.9559912
15/9-F-12,2009,3,506,92959,13123547,0,183.5919199,0,141.1760876
15/9-F-12,2009,4,719,150956,20931108,1246,209.9036097,0.008188396,138.6573053
15/9-F-12,2009,5,695,141039,19366853,3106,202.8851758,0.021551072,137.3155798
15/9-F-12,2009,6,715,132430,17787476,2659,185.1343851,0.019680677,134.3163528
15/9-F-12,2009,7,742,106105,14721967,3289,142.9668775,0.030069467,138.748716
15/9-F-12,2009,8,589,112414,15676350,5024,190.8318465,0.042780003,139.4516013
15/9-F-12,2009,9,493,90099,12553422,2235,182.6637405,0.024206476,139.3293712
15/9-F-12,2009,10,684,126940,17819694,6813,185.6544034,0.050935818,140.3792612
15/9-F-12,2009,11,706,136016,19181584,11287,192.7250132,0.076623724,141.0247964
15/9-F-12,2009,12,729,158002,22160862,17321,216.8860947,0.098796094,140.2572738
15/9-F-12,2010,1,742,149659,21044604,30230,201.6512437,0.168049482,140.6171892
15/9-F-12,2010,2,609,103026,14520590,43216,169.2488398,0.295508544,140.941024
15/9-F-12,2010,3,648,101572,14278519,53999,156.8269857,0.347100738,140.5758834
15/9-F-12,2010,4,706,86254,12161146,67996,122.1722539,0.440818297,140.9928921
15/9-F-12,2010,5,733,77114,10970381,74438,105.1787583,0.491173814,142.2626747
15/9-F-12,2010,6,717,69617,9944534,83268,97.07279062,0.544644422,142.8455897
15/9-F-12,2010,7,742,64040,9283377,95054,86.2681043,0.597472221,144.9628624
15/9-F-12,2010,8,427,30117,4346504,54788,70.46095188,0.64528171,144.3188995
15/9-F-12,2010,9,645,51313,7750211,89429,79.58577867,0.635410692,151.0381668
15/9-F-12,2010,10,743,51431,7741377,99543,69.22016058,0.659340235,150.520901
15/9-F-12,2010,11,690,44468,6747078,102236,64.4159105,0.696883386,151.7272952
15/9-F-12,2010,12,741,45218,6910660,111336,60.99544991,0.711166733,152.8299919
15/9-F-12,2011,1,744,44747,6824001,116886,60.18365837,0.723158007,152.5033972
15/9-F-12,2011,2,557,29157,4519227,85274,52.32389506,0.745197374,154.9936936
15/9-F-12,2011,3,730,37395,5760219,113239,51.23779355,0.7517496,154.0369437
15/9-F-12,2011,4,718,37820,5877461,116196,52.67981868,0.754443074,155.4073079
15/9-F-12,2011,5,736,37205,5801740,119567,50.5470159,0.762682958,155.9410163
15/9-F-12,2011,6,463,22026,3412026,74563,47.54509967,0.77196217,154.9085842
15/9-F-12,2011,7,245,12462,1823751,31888,50.81585403,0.718997978,146.3400648
15/9-F-12,2011,8,651,36380,5446517,99005,55.84117117,0.731283786,149.711217
15/9-F-12,2011,9,707,29999,4566407,110472,42.43164074,0.786438711,152.21777
15/9-F-12,2011,10,326,12648,1919664,52876,38.83631865,0.80697706,151.7821095
15/9-F-12,2011,11,459,21789,3242434,75773,47.4362475,0.776664537,148.8102363
15/9-F-12,2011,12,425,18090,2650493,64677,42.58304532,0.781431923,146.5154233
15/9-F-12,2012,1,400,18218,2722573,63858,45.5835602,0.77803563,149.4453764
15/9-F-12,2012,2,689,27362,4289925,133955,39.72693877,0.830382243,156.7825476
15/9-F-12,2012,3,740,26680,4276186,142184,36.03360303,0.84200364,160.2775545
15/9-F-12,2012,4,710,24088,3866150,138112,33.91332183,0.851490542,160.4987552
15/9-F-12,2012,5,738,22415,3630958,140203,30.38552679,0.8621612,161.9867933
15/9-F-12,2012,6,711,20887,3394646,134081,29.36370169,0.865215422,162.5214057
15/9-F-12,2012,7,744,21207,3444769,140165,28.50395161,0.86858309,162.4359144
15/9-F-12,2012,8,289,8998,1376155,54787,31.17623214,0.858928279,152.9360275
15/9-F-12,2012,9,27,1014,156920,4513,37.56456624,0.816549997,154.7645301
15/9-F-12,2012,10,610,19613,3067585,121317,32.14299176,0.860832959,156.4069169
15/9-F-12,2012,11,720,19019,3086440,134909,26.41511111,0.876443205,162.2829399
15/9-F-12,2012,12,700,16321,2717290,131667,23.30689073,0.889716456,166.4939834
15/9-F-12,2013,1,744,17409,2881179,139784,23.39861559,0.889253177,165.5034825
15/9-F-12,2013,2,672,15087,2461249,126325,22.45145833,0.893309673,163.132931
15/9-F-12,2013,3,308,6306,1053666,57121,20.48882028,0.90058094,167.0944129
15/9-F-12,2013,4,513,12351,2055292,102945,24.05484783,0.892873495,166.4023385
15/9-F-12,2013,5,732,16313,2757755,147165,22.28428953,0.900210481,169.0484614
15/9-F-12,2013,6,567,11900,2037220,112559,20.99893237,0.904389362,171.20113
15/9-F-12,2013,7,581,11862,1919702,112173,20.40622769,0.904368077,161.8413717
15/9-F-12,2013,8,688,15147,2354241,152995,22.01699083,0.909914406,155.4244084
15/9-F-12,2013,9,590,9224,1446819,104678,15.63349916,0.919022187,156.8617774
15/9-F-12,2013,10,680,8305,1283584,137535,12.21325,0.943053819,154.5553226
15/9-F-12,2013,11,649,7171,1102962,122993,11.05473227,0.944911237,153.8181439
15/9-F-12,2013,12,633,7080,1101389,125859,11.17701295,0.946746013,155.5738991
15/9-F-12,2014,1,486,4997,766196,87030,10.27939016,0.945698405,153.3237787
15/9-F-12,2014,2,562,6101,921967,110298,10.85851575,0.947582141,151.1074524
15/9-F-12,2014,3,657,6836,1036071,127351,10.40872161,0.949058641,151.5685654
15/9-F-12,2014,4,693,5892,883605,141145,8.501954054,0.959928339,149.9666498
15/9-F-12,2014,5,427,3238,469664,88748,7.576580338,0.964802237,145.0610001
15/9-F-12,2014,6,707,5751,846734,152035,8.130820019,0.963550604,147.227316
15/9-F-12,2014,7,743,5792,864046,152314,7.793460382,0.963367412,149.1833217
15/9-F-12,2014,8,593,4448,704538,126629,7.497033959,0.96606216,158.3769234
15/9-F-12,2014,9,686,5063,803971,149376,7.381662247,0.967219351,158.806198
15/9-F-12,2014,10,745,5386,833121,155366,7.229006711,0.966497252,154.6938174
15/9-F-12,2014,11,581,4495,700998,114661,7.737541017,0.962275764,155.9485791
15/9-F-12,2014,12,0,0,0,0,0,0,0
15/9-F-12,2015,1,716,25713,3780459,11588,35.93229317,0.310669726,147.0277911
15/9-F-12,2015,2,623,19579,2960674,15116,31.43650449,0.435679893,151.2203018
15/9-F-12,2015,3,665,19341,2853433,19256,29.07939109,0.498888906,147.5295689
15/9-F-12,2015,4,720,19797,2889395,20808,27.49522222,0.512455479,145.9543961
15/9-F-12,2015,5,744,16996,2479620,25201,22.84473118,0.597214135,145.8902314
15/9-F-12,2015,6,709,19536,2859707,32903,27.54242333,0.627446987,146.3791557
15/9-F-12,2015,7,744,19157,2846821,36481,25.74926075,0.655676752,148.6012449
15/9-F-12,2015,8,637,13473,2047121,31629,21.16165033,0.70127304,151.9394111
15/9-F-12,2015,9,719,12495,1888049,35065,17.36977365,0.737288811,151.1102604
15/9-F-12,2015,10,739,11889,1821328,38151,16.09471563,0.762416279,153.1991617
15/9-F-12,2015,11,720,11369,1748311,37663,15.80191778,0.768121132,153.7723229
15/9-F-12,2015,12,731,10856,1662453,37288,14.84407917,0.774510287,153.1372305
15/9-F-12,2016,1,736,9495,1487340,38970,12.89203005,0.804085188,156.644886
15/9-F-12,2016,2,696,7644,1205549,35253,10.98951006,0.821805333,157.7093374
15/9-F-12,2016,3,743,7360,1185894,40507,9.905693136,0.846242537,161.1283749
15/9-F-12,2016,4,719,6152,1015034,37126,8.558548614,0.857846015,164.9880221
15/9-F-12,2016,5,741,5865,925514,36148,7.920499662,0.860396959,157.7993736
15/9-F-12,2016,6,703,5408,870533,34608,7.690360383,0.864848878,160.962186
15/9-F-12,2016,7,704,4534,729319,29940,6.442593354,0.868485815,160.8619575
15/9-F-12,2016,8,286,1442,232558,10937,5.043973474,0.883511576,161.2710623
15/9-F-12,2016,9,0,0,0,0,0,0,0
15/9-F-14,2008,2,0,0,0,0,0,0,0
15/9-F-14,2008,3,0,0,0,0,0,0,0
15/9-F-14,2008,4,0,0,0,0,0,0,0
15/9-F-14,2008,5,0,0,0,0,0,0,0
15/9-F-14,2008,6,0,0,0,0,0,0,0
15/9-F-14,2008,7,438,51285,7538861,126,117.2042873,0.002454132,146.9991091
15/9-F-14,2008,8,458,67621,9780532,223,147.5157068,0.003280038,144.6370715
15/9-F-14,2008,9,643,114596,16340515,276,178.3021235,0.002400324,142.5920423
15/9-F-14,2008,10,743,142817,20326866,101,192.3462088,0.000708447,142.3279986
15/9-F-14,2008,11,718,104410,14906020,190,145.4510478,0.001815401,142.764828
15/9-F-14,2008,12,744,110199,15956253,67,148.1173118,0.000603451,144.7945345
15/9-F-14,2009,1,705,115573,16718455,978,163.8941093,0.008389414,144.6575283
15/9-F-14,2009,2,638,113881,16254377,2529,178.380333,0.021726958,142.7312747
15/9-F-14,2009,3,531,90644,12702463,1678,170.7684087,0.018177237,140.135051
15/9-F-14,2009,4,538,86944,11926656,246,161.716273,0.002826798,137.1762048
15/9-F-14,2009,5,695,116175,15944549,3440,167.2385405,0.028759331,137.2459078
15/9-F-14,2009,6,692,86654,12141881,5731,125.2406887,0.062035687,140.1190586
15/9-F-14,2009,7,742,64872,9127860,6773,87.40869605,0.094532382,140.7060953
15/9-F-14,2009,8,657,112494,15664622,20794,171.268608,0.156007235,139.2491283
15/9-F-14,2009,9,509,90350,12564633,15275,177.4783641,0.144614363,139.0665308
15/9-F-14,2009,10,655,96707,13556585,26099,147.5490277,0.21252202,140.181579
15/9-F-14,2009,11,709,98044,13821884,39016,138.235458,0.284667038,140.9770526
15/9-F-14,2009,12,727,89514,12552908,56173,123.1848848,0.385574026,140.2334685
15/9-F-14,2010,1,742,82221,11561302,70004,110.7854266,0.459871713,140.6120914
15/9-F-14,2010,2,610,62093,8751248,62000,101.7625763,0.49962637,140.9378047
15/9-F-14,2010,3,654,66989,9421805,64561,102.4130835,0.490770056,140.646527
15/9-F-14,2010,4,680,73036,10288470,69865,107.4358856,0.488906665,140.868848
15/9-F-14,2010,5,740,87809,12490296,85315,118.6344692,0.492797562,142.2434612
15/9-F-14,2010,6,718,75310,10756577,96581,104.9248624,0.561873897,142.8309987
15/9-F-14,2010,7,742,69600,10073534,101216,93.7482317,0.592543992,144.7341691
15/9-F-14,2010,8,425,38414,5543252,56453,90.36398494,0.595076477,144.303932
15/9-F-14,2010,9,566,55405,8260552,66507,97.86312987,0.545531233,149.093419
15/9-F-14,2010,10,743,78755,11853847,100949,105.9726092,0.561750919,150.5148869
15/9-F-14,2010,11,683,62555,9485349,96970,91.53344182,0.607865227,151.6309791
15/9-F-14,2010,12,742,63886,9763160,111640,86.15809845,0.63603125,152.8210309
15/9-F-14,2011,1,744,61328,9353204,111168,82.43071237,0.644465478,152.5100408
15/9-F-14,2011,2,562,44066,6830110,79492,78.479626,0.643356536,154.9961771
15/9-F-14,2011,3,733,56710,8733755,117498,77.41974061,0.674470184,154.007426
15/9-F-14,2011,4,718,51814,8052243,122054,72.19819753,0.701990661,155.4059826
15/9-F-14,2011,5,741,51122,7972928,129332,68.96677234,0.716704715,155.9599966
15/9-F-14,2011,6,465,31195,4835912,81259,67.05973021,0.722600266,155.0244626
15/9-F-14,2011,7,255,20211,3064566,42012,79.41315713,0.675181732,151.6262889
15/9-F-14,2011,8,652,49730,7681608,108935,76.23543479,0.686570672,154.465406
15/9-F-14,2011,9,708,51053,8021384,133958,72.10894068,0.724053155,157.1183624
15/9-F-14,2011,10,327,21807,3406338,56488,66.67348671,0.721473885,156.2022504
15/9-F-14,2011,11,464,35044,5381238,73586,75.47547122,0.677402194,153.5570846
15/9-F-14,2011,12,437,34166,5142970,74443,78.24664884,0.685419204,150.5271179
15/9-F-14,2012,1,364,27309,4156159,57518,75.06316299,0.678062013,152.1887918
15/9-F-14,2012,2,693,36798,5598559,55276,53.12462996,0.600344725,152.1444279
15/9-F-14,2012,3,741,34746,5378189,60226,46.90068349,0.634147192,154.7876628
15/9-F-14,2012,4,720,36510,5673230,72811,50.70804167,0.666031412,155.3892756
15/9-F-14,2012,5,741,35052,5495388,82877,47.29827012,0.702771331,156.7783351
15/9-F-14,2012,6,711,31666,4980411,80184,44.52620087,0.716892081,157.2816919
15/9-F-14,2012,7,744,32961,5181262,83970,44.30201613,0.718116594,157.1951591
15/9-F-14,2012,8,289,12690,1974234,33257,43.96653097,0.723816662,155.575919
15/9-F-14,2012,9,31,1655,245981,2918,53.76546332,0.638097029,148.621837
15/9-F-14,2012,10,610,33944,5155058,60061,55.62997501,0.638914147,151.869397
15/9-F-14,2012,11,720,34932,5485685,87227,48.51619444,0.714045955,157.0404988
15/9-F-14,2012,12,711,30123,4854889,93523,42.36693449,0.756378656,161.169431
15/9-F-14,2013,1,744,30185,4834717,99784,40.57096774,0.76775426,160.1705892
15/9-F-14,2013,2,668,26596,4196332,92121,39.81863486,0.775973726,157.7833512
15/9-F-14,2013,3,508,18817,2783793,70619,37.01841074,0.789607318,147.9440826
15/9-F-14,2013,4,557,22875,3676257,79450,41.04441412,0.776444975,160.7077356
15/9-F-14,2013,5,734,27662,4525932,109553,37.71169683,0.798406993,163.6182858
15/9-F-14,2013,6,630,22298,3652743,93413,35.38938254,0.807294348,163.8129114
15/9-F-14,2013,7,661,22603,3553397,94589,34.2030187,0.807130729,157.2105975
15/9-F-14,2013,8,688,21667,3259564,91453,31.50059972,0.808461045,150.4397745
15/9-F-14,2013,9,627,17871,2707856,92677,28.50990308,0.838343912,151.5247438
15/9-F-14,2013,10,659,18441,2757135,96754,27.99763692,0.839913527,149.5102616
15/9-F-14,2013,11,681,19249,2853580,103738,28.25491376,0.843489689,148.2482261
15/9-F-14,2013,12,630,15496,2330524,97307,24.5935248,0.862628386,150.3954893
15/9-F-14,2014,1,673,16687,2426753,106726,24.78511697,0.864789998,145.4314311
15/9-F-14,2014,2,599,14766,2161272,96430,24.66743113,0.867206774,146.3668253
15/9-F-14,2014,3,677,14955,2196383,101501,22.08443044,0.871583796,146.8677044
15/9-F-14,2014,4,701,16572,2398888,104862,23.62540908,0.863529426,144.7534003
15/9-F-14,2014,5,702,13637,1943519,98851,19.43980043,0.878769361,142.5178939
15/9-F-14,2014,6,710,13258,1951326,103421,18.67322535,0.886372059,147.18117
15/9-F-14,2014,7,743,13496,2012913,99765,18.16213508,0.880841878,149.1490533
15/9-F-14,2014,8,600,8444,1333767,82816,14.07796712,0.907475676,157.9594137
15/9-F-14,2014,9,690,9622,1516704,97941,13.9519721,0.910543978,157.6253657
15/9-F-14,2014,10,745,10076,1558794,104963,13.52512752,0.912410872,154.7002983
15/9-F-14,2014,11,709,10386,1643093,103385,14.65971771,0.90870798,158.1964067
15/9-F-14,2014,12,741,9665,1601950,100255,13.0462676,0.912071456,165.7456873
15/9-F-14,2015,1,718,9121,1357133,95025,12.70095624,0.912421073,148.7924105
15/9-F-14,2015,2,655,7179,1092571,91844,10.95902406,0.927503902,152.1941049
15/9-F-14,2015,3,744,8069,1195524,107454,10.84548387,0.930152315,148.1618941
15/9-F-14,2015,4,720,7687,1121237,101303,10.67666667,0.929468927,145.8575944
15/9-F-14,2015,5,744,7148,1042507,102927,9.607244624,0.935064519,145.8502306
15/9-F-14,2015,6,719,6070,889056,100367,8.444336718,0.942971617,146.4688818
15/9-F-14,2015,7,741,6721,999142,96225,9.069311246,0.934715414,148.66551
15/9-F-14,2015,8,629,4876,737505,79597,7.747654041,0.94227371,151.242339
15/9-F-14,2015,9,719,5300,799235,84511,7.371151871,0.940983092,150.7873655
15/9-F-14,2015,10,742,5635,863230,97865,7.595003897,0.945556819,153.1946277
15/9-F-14,2015,11,720,5432,835108,96061,7.549075642,0.946483213,153.7511175
15/9-F-14,2015,12,741,5158,790131,94594,6.965685348,0.948290778,153.182934
15/9-F-14,2016,1,736,4606,721124,97148,6.255726686,0.954731027,156.551651
15/9-F-14,2016,2,696,3942,621659,86358,5.666855185,0.956347878,157.7105539
15/9-F-14,2016,3,738,3754,604911,98119,5.088748351,0.963152175,161.1463477
15/9-F-14,2016,4,716,3112,514414,91935,4.347953454,0.967254114,165.2784884
15/9-F-14,2016,5,738,3213,506857,89416,4.353604336,0.965313487,157.7539185
15/9-F-14,2016,6,716,3075,495104,88381,4.294234862,0.966376854,161.0077625
15/9-F-14,2016,7,301,1327,215289,37893,4.404880073,0.966168257,162.2541338
15/9-F-14,2016,8,0,0,0,0,0,0,0
15/9-F-14,2016,9,0,0,0,0,0,0,0
15/9-F-15 D,2014,1,340,5675,820969,0,16.69417978,0,144.6735664
15/9-F-15 D,2014,2,596,7899,1196184,0,13.26047153,0,151.4425202
15/9-F-15 D,2014,3,671,7081,1076364,0,10.55754007,0,151.9972477
15/9-F-15 D,2014,4,701,7163,1074270,0,10.22051008,0,149.968636
15/9-F-15 D,2014,5,744,7219,1014000,0,9.702432796,0,140.4702595
15/9-F-15 D,2014,6,709,7013,1032224,0,9.886113629,0,147.1967373
15/9-F-15 D,2014,7,733,6847,1021004,0,9.345890699,0,149.1078844
15/9-F-15 D,2014,8,433,3475,526611,0,8.020285005,0,151.5257482
15/9-F-15 D,2014,9,647,5315,833249,0,8.20832735,0,156.7863036
15/9-F-15 D,2014,10,733,5733,886879,183,7.817686399,0.030897181,154.6980291
15/9-F-15 D,2014,11,597,4716,732052,193,7.895057543,0.03928762,155.2171337
15/9-F-15 D,2014,12,0,0,0,0,0,0,0
15/9-F-15 D,2015,1,697,5976,878874,208,8.567448944,0.033605033,147.0792602
15/9-F-15 D,2015,2,649,4581,696960,259,7.054741048,0.053507235,152.1318559
15/9-F-15 D,2015,3,666,4133,610220,310,6.209519248,0.069710862,147.6290913
15/9-F-15 D,2015,4,720,4260,621371,318,5.916555556,0.069469959,145.8645092
15/9-F-15 D,2015,5,737,4058,591890,302,5.504806667,0.069217589,145.859072
15/9-F-15 D,2015,6,719,3666,537023,292,5.098588237,0.07367772,146.4953898
15/9-F-15 D,2015,7,420,2238,329942,185,5.327313933,0.076242159,147.3974893
15/9-F-15 D,2015,8,276,3578,542286,1857,12.9489212,0.341644201,151.5751648
15/9-F-15 D,2015,9,719,7417,1121247,3987,10.31393586,0.349581768,151.1654
15/9-F-15 D,2015,10,743,6347,972414,3629,8.540251139,0.363755019,153.2124998
15/9-F-15 D,2015,11,439,3926,605738,2740,8.948672474,0.41108201,154.2883334
15/9-F-15 D,2015,12,541,4919,751607,5076,9.089555135,0.50784894,152.7954052
15/9-F-15 D,2016,1,350,2891,445568,3649,8.250371005,0.557950959,154.1261878
15/9-F-15 D,2016,2,695,5109,805795,5891,7.354199352,0.535530233,157.7104728
15/9-F-15 D,2016,3,551,3748,600594,5035,6.805581363,0.573297854,160.2630812
15/9-F-15 D,2016,4,577,4544,751127,5688,7.882210342,0.555898697,165.2951239
15/9-F-15 D,2016,5,677,4699,740193,6004,6.939222215,0.560969024,157.5209693
15/9-F-15 D,2016,6,605,3464,555536,5391,5.726259879,0.608792681,160.3782922
15/9-F-15 D,2016,7,138,829,133160,1172,5.987859079,0.585870299,160.7110202
15/9-F-15 D,2016,8,0,0,0,0,0,0,0
15/9-F-15 D,2016,9,0,0,0,0,0,0,0
15/9-F-4,2007,9,0,0,0,0,0,0,0
15/9-F-4,2007,10,0,0,0,0,0,0,0
15/9-F-4,2007,11,0,0,0,0,0,0,0
15/9-F-4,2007,12,0,0,0,0,0,0,0
15/9-F-4,2008,1,0,0,0,0,0,0,0
15/9-F-4,2008,2,0,0,0,0,0,0,0
15/9-F-4,2008,3,0,0,0,0,0,0,0
15/9-F-4,2008,4,119,0,0,0,0,0,0
15/9-F-4,2008,5,714,0,0,0,0,0,0
15/9-F-4,2008,6,599,0,0,0,0,0,0
15/9-F-4,2008,7,621,0,0,0,0,0,0
15/9-F-4,2008,8,663,0,0,0,0,0,0
15/9-F-4,2008,9,558,0,0,0,0,0,0
15/9-F-4,2008,10,702,0,0,0,0,0,0
15/9-F-4,2008,11,712,0,0,0,0,0,0
15/9-F-4,2008,12,743,0,0,0,0,0,0
15/9-F-4,2009,1,699,0,0,0,0,0,0
15/9-F-4,2009,2,640,0,0,0,0,0,0
15/9-F-4,2009,3,191,0,0,0,0,0,0
15/9-F-4,2009,4,544,0,0,0,0,0,0
15/9-F-4,2009,5,711,0,0,0,0,0,0
15/9-F-4,2009,6,691,0,0,0,0,0,0
15/9-F-4,2009,7,735,0,0,0,0,0,0
15/9-F-4,2009,8,705,0,0,0,0,0,0
15/9-F-4,2009,9,510,0,0,0,0,0,0
15/9-F-4,2009,10,684,0,0,0,0,0,0
15/9-F-4,2009,11,706,0,0,0,0,0,0
15/9-F-4,2009,12,740,0,0,0,0,0,0
15/9-F-4,2010,1,735,0,0,0,0,0,0
15/9-F-4,2010,2,596,0,0,0,0,0,0
15/9-F-4,2010,3,622,0,0,0,0,0,0
15/9-F-4,2010,4,670,0,0,0,0,0,0
15/9-F-4,2010,5,744,0,0,0,0,0,0
15/9-F-4,2010,6,716,0,0,0,0,0,0
15/9-F-4,2010,7,744,0,0,0,0,0,0
15/9-F-4,2010,8,420,0,0,0,0,0,0
15/9-F-4,2010,9,631,0,0,0,0,0,0
15/9-F-4,2010,10,701,0,0,0,0,0,0
15/9-F-4,2010,11,645,0,0,0,0,0,0
15/9-F-4,2010,12,717,0,0,0,0,0,0
15/9-F-4,2011,1,731,0,0,0,0,0,0
15/9-F-4,2011,2,537,0,0,0,0,0,0
15/9-F-4,2011,3,716,0,0,0,0,0,0
15/9-F-4,2011,4,697,0,0,0,0,0,0
15/9-F-4,2011,5,737,0,0,0,0,0,0
15/9-F-4,2011,6,436,0,0,0,0,0,0
15/9-F-4,2011,7,248,0,0,0,0,0,0
15/9-F-4,2011,8,643,0,0,0,0,0,0
15/9-F-4,2011,9,689,0,0,0,0,0,0
15/9-F-4,2011,10,329,0,0,0,0,0,0
15/9-F-4,2011,11,475,0,0,0,0,0,0
15/9-F-4,2011,12,439,0,0,0,0,0,0
15/9-F-4,2012,1,426,0,0,0,0,0,0
15/9-F-4,2012,2,691,0,0,0,0,0,0
15/9-F-4,2012,3,735,0,0,0,0,0,0
15/9-F-4,2012,4,720,0,0,0,0,0,0
15/9-F-4,2012,5,733,0,0,0,0,0,0
15/9-F-4,2012,6,710,0,0,0,0,0,0
15/9-F-4,2012,7,744,0,0,0,0,0,0
15/9-F-4,2012,8,292,0,0,0,0,0,0
15/9-F-4,2012,9,32,0,0,0,0,0,0
15/9-F-4,2012,10,508,0,0,0,0,0,0
15/9-F-4,2012,11,720,0,0,0,0,0,0
15/9-F-4,2012,12,699,0,0,0,0,0,0
15/9-F-4,2013,1,734,0,0,0,0,0,0
15/9-F-4,2013,2,672,0,0,0,0,0,0
15/9-F-4,2013,3,483,0,0,0,0,0,0
15/9-F-4,2013,4,564,0,0,0,0,0,0
15/9-F-4,2013,5,682,0,0,0,0,0,0
15/9-F-4,2013,6,573,0,0,0,0,0,0
15/9-F-4,2013,7,653,0,0,0,0,0,0
15/9-F-4,2013,8,690,0,0,0,0,0,0
15/9-F-4,2013,9,608,0,0,0,0,0,0
15/9-F-4,2013,10,650,0,0,0,0,0,0
15/9-F-4,2013,11,682,0,0,0,0,0,0
15/9-F-4,2013,12,676,0,0,0,0,0,0
15/9-F-4,2014,1,682,0,0,0,0,0,0
15/9-F-4,2014,2,579,0,0,0,0,0,0
15/9-F-4,2014,3,686,0,0,0,0,0,0
15/9-F-4,2014,4,708,0,0,0,0,0,0
15/9-F-4,2014,5,606,0,0,0,0,0,0
15/9-F-4,2014,6,698,0,0,0,0,0,0
15/9-F-4,2014,7,742,0,0,0,0,0,0
15/9-F-4,2014,8,607,0,0,0,0,0,0
15/9-F-4,2014,9,693,0,0,0,0,0,0
15/9-F-4,2014,10,742,0,0,0,0,0,0
15/9-F-4,2014,11,620,0,0,0,0,0,0
15/9-F-4,2014,12,292,0,0,0,0,0,0
15/9-F-4,2015,1,676,0,0,0,0,0,0
15/9-F-4,2015,2,589,0,0,0,0,0,0
15/9-F-4,2015,3,744,0,0,0,0,0,0
15/9-F-4,2015,4,708,0,0,0,0,0,0
15/9-F-4,2015,5,744,0,0,0,0,0,0
15/9-F-4,2015,6,717,0,0,0,0,0,0
15/9-F-4,2015,7,740,0,0,0,0,0,0
15/9-F-4,2015,8,615,0,0,0,0,0,0
15/9-F-4,2015,9,716,0,0,0,0,0,0
15/9-F-4,2015,10,729,0,0,0,0,0,0
15/9-F-4,2015,11,699,0,0,0,0,0,0
15/9-F-4,2015,12,739,0,0,0,0,0,0
15/9-F-4,2016,1,721,0,0,0,0,0,0
15/9-F-4,2016,2,693,0,0,0,0,0,0
15/9-F-4,2016,3,743,0,0,0,0,0,0
15/9-F-4,2016,4,702,0,0,0,0,0,0
15/9-F-4,2016,5,744,0,0,0,0,0,0
15/9-F-4,2016,6,709,0,0,0,0,0,0
15/9-F-4,2016,7,609,0,0,0,0,0,0
15/9-F-4,2016,8,657,0,0,0,0,0,0
15/9-F-4,2016,9,340,0,0,0,0,0,0
15/9-F-4,2016,10,0,0,0,0,0,0,0
15/9-F-4,2016,11,0,0,0,0,0,0,0
15/9-F-4,2016,12,0,0,0,0,0,0,0
15/9-F-5,2007,9,0,0,0,0,0,0,0
15/9-F-5,2007,10,0,0,0,0,0,0,0
15/9-F-5,2007,11,0,0,0,0,0,0,0
15/9-F-5,2007,12,0,0,0,0,0,0,0
15/9-F-5,2008,1,0,0,0,0,0,0,0
15/9-F-5,2008,2,0,0,0,0,0,0,0
15/9-F-5,2008,3,0,0,0,0,0,0,0
15/9-F-5,2008,4,0,0,0,0,0,0,0
15/9-F-5,2008,5,0,0,0,0,0,0,0
15/9-F-5,2008,6,0,0,0,0,0,0,0
15/9-F-5,2008,7,0,0,0,0,0,0,0
15/9-F-5,2008,8,98,0,0,0,0,0,0
15/9-F-5,2008,9,558,0,0,0,0,0,0
15/9-F-5,2008,10,564,0,0,0,0,0,0
15/9-F-5,2008,11,716,0,0,0,0,0,0
15/9-F-5,2008,12,742,0,0,0,0,0,0
15/9-F-5,2009,1,697,0,0,0,0,0,0
15/9-F-5,2009,2,636,0,0,0,0,0,0
15/9-F-5,2009,3,225,0,0,0,0,0,0
15/9-F-5,2009,4,532,0,0,0,0,0,0
15/9-F-5,2009,5,707,0,0,0,0,0,0
15/9-F-5,2009,6,691,0,0,0,0,0,0
15/9-F-5,2009,7,735,0,0,0,0,0,0
15/9-F-5,2009,8,704,0,0,0,0,0,0
15/9-F-5,2009,9,509,0,0,0,0,0,0
15/9-F-5,2009,10,682,0,0,0,0,0,0
15/9-F-5,2009,11,706,0,0,0,0,0,0
15/9-F-5,2009,12,738,0,0,0,0,0,0
15/9-F-5,2010,1,736,0,0,0,0,0,0
15/9-F-5,2010,2,595,0,0,0,0,0,0
15/9-F-5,2010,3,571,0,0,0,0,0,0
15/9-F-5,2010,4,449,0,0,0,0,0,0
15/9-F-5,2010,5,744,0,0,0,0,0,0
15/9-F-5,2010,6,717,0,0,0,0,0,0
15/9-F-5,2010,7,743,0,0,0,0,0,0
15/9-F-5,2010,8,447,0,0,0,0,0,0
15/9-F-5,2010,9,695,0,0,0,0,0,0
15/9-F-5,2010,10,718,0,0,0,0,0,0
15/9-F-5,2010,11,704,0,0,0,0,0,0
15/9-F-5,2010,12,733,0,0,0,0,0,0
15/9-F-5,2011,1,744,0,0,0,0,0,0
15/9-F-5,2011,2,533,0,0,0,0,0,0
15/9-F-5,2011,3,728,0,0,0,0,0,0
15/9-F-5,2011,4,701,0,0,0,0,0,0
15/9-F-5,2011,5,737,0,0,0,0,0,0
15/9-F-5,2011,6,462,0,0,0,0,0,0
15/9-F-5,2011,7,243,0,0,0,0,0,0
15/9-F-5,2011,8,644,0,0,0,0,0,0
15/9-F-5,2011,9,689,0,0,0,0,0,0
15/9-F-5,2011,10,329,0,0,0,0,0,0
15/9-F-5,2011,11,475,0,0,0,0,0,0
15/9-F-5,2011,12,439,0,0,0,0,0,0
15/9-F-5,2012,1,424,0,0,0,0,0,0
15/9-F-5,2012,2,691,0,0,0,0,0,0
15/9-F-5,2012,3,737,0,0,0,0,0,0
15/9-F-5,2012,4,720,0,0,0,0,0,0
15/9-F-5,2012,5,732,0,0,0,0,0,0
15/9-F-5,2012,6,711,0,0,0,0,0,0
15/9-F-5,2012,7,740,0,0,0,0,0,0
15/9-F-5,2012,8,309,0,0,0,0,0,0
15/9-F-5,2012,9,37,0,0,0,0,0,0
15/9-F-5,2012,10,538,0,0,0,0,0,0
15/9-F-5,2012,11,720,0,0,0,0,0,0
15/9-F-5,2012,12,698,0,0,0,0,0,0
15/9-F-5,2013,1,732,0,0,0,0,0,0
15/9-F-5,2013,2,672,0,0,0,0,0,0
15/9-F-5,2013,3,400,0,0,0,0,0,0
15/9-F-5,2013,4,561,0,0,0,0,0,0
15/9-F-5,2013,5,681,0,0,0,0,0,0
15/9-F-5,2013,6,573,0,0,0,0,0,0
15/9-F-5,2013,7,654,0,0,0,0,0,0
15/9-F-5,2013,8,687,0,0,0,0,0,0
15/9-F-5,2013,9,609,0,0,0,0,0,0
15/9-F-5,2013,10,654,0,0,0,0,0,0
15/9-F-5,2013,11,682,0,0,0,0,0,0
15/9-F-5,2013,12,676,0,0,0,0,0,0
15/9-F-5,2014,1,661,0,0,0,0,0,0
15/9-F-5,2014,2,581,0,0,0,0,0,0
15/9-F-5,2014,3,691,0,0,0,0,0,0
15/9-F-5,2014,4,708,0,0,0,0,0,0
15/9-F-5,2014,5,606,0,0,0,0,0,0
15/9-F-5,2014,6,699,0,0,0,0,0,0
15/9-F-5,2014,7,742,0,0,0,0,0,0
15/9-F-5,2014,8,606,0,0,0,0,0,0
15/9-F-5,2014,9,691,0,0,0,0,0,0
15/9-F-5,2014,10,742,0,0,0,0,0,0
15/9-F-5,2014,11,661,0,0,0,0,0,0
15/9-F-5,2014,12,394,0,0,0,0,0,0
15/9-F-5,2015,1,703,0,0,0,0,0,0
15/9-F-5,2015,2,584,0,0,0,0,0,0
15/9-F-5,2015,3,744,0,0,0,0,0,0
15/9-F-5,2015,4,708,0,0,0,0,0,0
15/9-F-5,2015,5,744,0,0,0,0,0,0
15/9-F-5,2015,6,717,0,0,0,0,0,0
15/9-F-5,2015,7,740,0,0,0,0,0,0
15/9-F-5,2015,8,606,0,0,0,0,0,0
15/9-F-5,2015,9,712,0,0,0,0,0,0
15/9-F-5,2015,10,724,0,0,0,0,0,0
15/9-F-5,2015,11,643,0,0,0,0,0,0
15/9-F-5,2015,12,739,0,0,0,0,0,0
15/9-F-5,2016,1,721,0,0,0,0,0,0
15/9-F-5,2016,2,691,0,0,0,0,0,0
15/9-F-5,2016,3,743,0,0,0,0,0,0
15/9-F-5,2016,4,345,3401,538639,2381,9.844950163,0.411800622,158.394688
15/9-F-5,2016,5,732,9724,1534677,3950,13.28469945,0.288855737,157.8171568
15/9-F-5,2016,6,718,9121,1468557,2377,12.69664302,0.206718146,160.9998728
15/9-F-5,2016,7,669,9985,1602674,2454,14.93369363,0.197259426,160.5035397
15/9-F-5,2016,8,608,8929,1417279,2372,14.67543247,0.209884999,158.7293519
15/9-F-5,2016,9,0,0,0,0,0,0,0
